date_sent,week,title,authors,venue,doi,url,final_score,verdict,reasoning,summary
2026-04-20,2026-04-20,Artificial intelligence-based prognostic models in acute myeloid leukemia: systematic review and meta-analysis.,"Zhang X, Xiao N, Du S, Anipindi M, Lee CH, Yoshino T, Anand A, Xiao L",Blood neoplasia,10.1016/j.bneo.2026.100217,https://pubmed.ncbi.nlm.nih.gov/42007253/,7.0,reviewer_b,"Despite the focus on AML, the methodologies and insights into AI-based survival prediction can be transferable to the researcher's work in pediatric oncology and pancreatic cancer. The systematic approach and emphasis on prognostic models align with the researcher's interest in survival analysis and interpretable AI, making it a relevant read despite the domain differences.","This paper presents a systematic review and meta-analysis of artificial intelligence-based prognostic models specifically for acute myeloid leukemia (AML). While it discusses the application of machine learning and deep learning in survival prediction, the focus on AML is tangential to the researcher's primary interests in pediatric oncology, particularly pancreatic ductal adenocarcinoma (PDAC) and Wilms tumor. The findings may not translate to the researcher's focus on whole-slide image analysis, segmentation-driven biomarkers, or interpretable AI models. Overall, the relevance to the researcher's work is minimal."
2026-04-20,2026-04-20,CXR-LT 2026 Challenge: Multi-Center Long-Tailed and Zero Shot Chest X-ray Classification,"Hexin Dong, Yi Lin, Pengyu Zhou, Fengnian Zhao, Alan Clint Legasto, Juno Cho, Dohui Kim, Justin Namuk Kim, Mingeon Kim, Sunwoo Kwak, Gabriel Moy\`a-Alcover, Ky Trung Nguyen, Thanh-Huy Nguyen, Ha-Hieu Pham, Huy-Hieu Pham, Huy Le Pham, Nikhileswara Rao Sulake, Aina Tur-Serrano, Ruichi Zhang, Ang Zu, Adam E. Flanders, Zhiyong Lu, Ronald M. Summers, Mingquan Lin, Hao Chen, Yuzhe Yang, George Shih, Yifan Peng",arXiv,,https://arxiv.org/abs/2604.15555,7.0,reviewer_b,"While the paper primarily focuses on chest X-ray classification, the challenges of long-tailed distributions and the need for robust external validation are relevant to the researcher's work in pathology. The insights gained from the zero-shot classification task could be transferable to the development of interpretable models in whole-slide image analysis, making it a valuable read despite the domain difference.","This paper presents the CXR-LT 2026 Challenge, focusing on long-tailed and zero-shot classification in chest X-ray images. While it addresses important issues in medical imaging, such as rare disease recognition and multi-center datasets, its relevance is limited to chest radiology rather than the researcher's specific focus on whole-slide image analysis in pathology. The methodologies discussed do not align with the researcher's expertise in pancreatic cancer, pediatric oncology, or interpretable AI models for histopathology. Overall, the paper lacks direct applicability to the researcher's work in WSI analysis and survival prediction."
2026-04-20,2026-04-20,SPLIT: Self-supervised Partitioning for Learned Inversion in Nonlinear Tomography,"Markus Haltmeier, Lukas Neumann, Nadja Gruber, Gyeongha Hwang",arXiv,,https://arxiv.org/abs/2604.15651,7.0,reviewer_b,"While the paper primarily addresses tomographic reconstruction, the self-supervised learning framework and its emphasis on interpretability could have implications for the researcher's work in medical imaging, particularly in scenarios where ground-truth data is scarce. The methods discussed may offer novel approaches to enhance the robustness and interpretability of models used in whole-slide image analysis and survival prediction.","The paper introduces SPLIT, a self-supervised framework for image reconstruction in nonlinear tomography, focusing on overcoming the limitations of supervised learning that require ground-truth images. While the theoretical contributions are notable, the application is primarily in the domain of tomographic reconstruction rather than histopathology or whole-slide image analysis. The methods discussed do not directly address the specific diseases or tasks relevant to the researcher's work, such as PDAC or Wilms tumor analysis. Consequently, the clinical relevance and applicability to the researcher's focus on interpretable AI models for pathology are minimal."
2026-04-27,2026-04-27,"EN2 Regulates Pancreatic Cancer Initiation, Progression, and Epithelial-Mesenchymal Transition Through the Notch Signalling Pathway.","Yu W, Varma RK, Ma Y, Boinpelly VC, Khatri A, Gombos E, Srivastava RK, Shankar S",Journal of cellular and molecular medicine,10.1111/jcmm.71158,https://pubmed.ncbi.nlm.nih.gov/42036759/,7.4,reviewer_b,Reviewer B's perspective aligns better with the researcher's focus on improving representation learning and handling variability in medical images. The paper's emphasis on Vision Transformers and interpretability is relevant to the researcher's work.,"This paper presents a novel approach to learning distortion-robust representations using an asymmetric knowledge distillation framework with Vision Transformers. The method involves a teacher-student setup where the teacher processes clean images while the student learns from distorted versions, enabling the student to approximate clean-image representations without direct access to them. The multi-level distillation aligns global embeddings, patch-level features, and attention maps, which could be relevant for improving representation learning in medical image analysis, particularly in scenarios where image quality may vary. Given the researcher's focus on interpretable AI models and survival prediction from whole-slide images, the insights from this study could inform approaches to handling variability in histopathology images. Furthermore, the emphasis on using pretrained models aligns with the researcher's interest in feature-extractor choices for downstream tasks."
2026-04-27,2026-04-27,H-Sets: Hessian-Guided Discovery of Set-Level Feature Interactions in Image Classifiers,"Ayushi Mehrotra, Dipkamal Bhusal, Michael Clifford, Nidhi Rastogi",arXiv,,https://arxiv.org/abs/2604.22045,7.4,reviewer_b,The paper's focus on survival prediction and the use of WSIs aligns with the researcher's expertise. The innovative approach to handling missing modalities is particularly relevant for improving robustness in the researcher's models.,"This paper presents a novel framework for multimodal survival prediction in Non-Small Cell Lung Cancer (NSCLC) that effectively addresses the challenge of missing modalities in clinical data. By leveraging Foundation Models for modality-specific feature extraction and implementing a missing-aware encoding strategy, the framework enables the integration of CT, Whole-Slide Histopathology Images (WSI), and clinical variables without discarding incomplete cases. This approach not only enhances overall survival modeling but also has implications for improving the robustness of multimodal AI applications in medical contexts, including pathology. The methods and findings could inform similar strategies in the researcher's work on survival prediction and multimodal data integration in pediatric oncology and pancreatic cancer pathology."
2026-04-27,2026-04-27,"Urine-derived stem cells in kidney disease: progress, challenges, and future directions.","Atay JCL, Boysen AT, Nørregaard R",Stem cell research & therapy,10.1186/s13287-026-05040-2,https://pubmed.ncbi.nlm.nih.gov/42036721/,7.4,reviewer_b,Reviewer B's insights into the robustness-accuracy trade-off are crucial for the researcher's work on developing clinically reliable AI models. The paper's focus on robustness is directly applicable to the researcher's interest in multi-center validation.,"This paper explores the presence of nonrobust features in deep learning models for medical imaging, highlighting their ability to achieve high in-distribution accuracy despite being susceptible to adversarial perturbations. The authors demonstrate that models relying on these nonrobust features perform well on standard classification tasks but struggle with out-of-distribution scenarios, presenting a critical trade-off between robustness and accuracy. This work has implications for the deployment of AI models in clinical settings, particularly in ensuring that models are not only accurate but also robust against distribution shifts, which is vital for applications in pathology and survival prediction."
2026-05-04,2026-05-04,Federated Distillation for Whole Slide Image via Gaussian-Mixture Feature Alignment and Curriculum Integration,"Luru Jing, Cong Cong, Yanyuan Chen, Yongzhi Cao",arXiv,,https://arxiv.org/abs/2605.00578,7.6,reviewer_b,"The paper's focus on federated learning and feature alignment is highly relevant to the researcher's work on whole-slide image analysis and multi-center validation. The innovative approach aligns well with the researcher's interest in clinically meaningful AI models, making it a valuable contribution.","The paper presents FedHD, a federated learning framework designed for whole-slide image analysis that addresses the challenges of heterogeneity in multiple instance learning architectures across institutions. By employing local Gaussian-mixture feature alignment and a curriculum-based integration strategy, FedHD distills semantically rich synthetic feature representations without compromising diagnostic diversity. This approach could enhance collaborative digital pathology by enabling effective model training across varied datasets while maintaining clinically relevant outputs. The methods discussed may inform the researcher's work on multi-center clinical validation and federated settings, particularly in the context of interpretable AI models for WSI analysis."
2026-05-04,2026-05-04,Dynamic changes in gut microbiota and discovery of prognostic biomarkers in locally advanced pancreatic cancer during chemoradiotherapy.,"Wang H, Wang F, Guo Q, Zou B, Li P, Xu X, He J, Jiang S",Clinical and experimental medicine,10.1007/s10238-026-02158-8,https://pubmed.ncbi.nlm.nih.gov/42071032/,7.4,reviewer_b,"The integration of histology and gene profiles in survival prediction is highly relevant to the researcher's work in computational pathology. The innovative approach to modeling prognostic events could inform the development of interpretable AI models, making this paper a valuable resource.","The paper presents SlotSPE, a novel framework for structural prognostic event modeling that integrates histology images and gene profiles to enhance survival prediction in cancer. By addressing the challenges of high dimensionality and complexity in multimodal data, the authors propose a method that captures critical prognostic events through a slot-based approach. This framework aims to uncover sparse, patient-specific signals that influence patient outcomes, which could be particularly relevant for survival analysis in oncology. The methodology may offer insights into improving the interpretability and effectiveness of AI models in whole-slide image analysis, aligning well with the researcher's focus on clinically meaningful outputs."
2026-05-04,2026-05-04,Gated Differential Linear Attention: A Linear-Time Decoder for High-Fidelity Medical Segmentation,"Hongbo Zheng, Afshin Bozorgpour, Dorit Merhof, Minjia Zhang",arXiv,,https://arxiv.org/abs/2603.02727,7.4,reviewer_b,"The paper's focus on the robustness-accuracy trade-off is highly relevant to the researcher's work in developing interpretable AI models for whole-slide image analysis, where robustness to distribution shifts is crucial. The findings could inform the design of models that balance predictive performance with clinical reliability.","This paper explores the presence of nonrobust features in deep learning models for medical imaging, highlighting their ability to achieve high in-distribution accuracy despite being susceptible to adversarial perturbations. The authors demonstrate that models relying on these nonrobust features perform well on standard classification tasks but struggle with out-of-distribution scenarios, presenting a critical trade-off between robustness and accuracy. This work has implications for the deployment of AI models in clinical settings, particularly in ensuring that models are not only accurate but also robust against distribution shifts, which is vital for applications in pathology and survival prediction."
